acces,access
acuire,acquire
addess,address
adust,adjust
allcoate,allocate
alloated,allocated
archtecture,architecture
arcive,archive
ardiuno,arduino
beconfigured,be configured
calcluate,calculate
colum,column
configration,configuration
contants,constants
cricital,critical
deffered,deferred
evaulator,evaluator
evironment,environment
freqency,frequency
frquency,frequency
implmented,implemented
interrput,interrupt
interrut,interrupt
interupt,interrupt
measuing,measuring
numer of,number of
orignal,original
overrided,overridden
poiners,pointers
poitner,pointer
probbably,probably
recogized,recognized
refection,reflection
requries,requires
satisifying,satisfying
simulataneously,simultaneously
suggets,suggests
transmition,transmission
undefied,undefined
unecessary,unnecessary
unsiged,unsigned
